videoId,title
HDFaY7Fbi28,Kud - Starfield
ptfF6yhWJ7c,Animals in Zelda
pD9QbAmYUEU,Weapons in Zelda
IpELRbaCzq8,Kud - Politieschets
v5aZ_qlpP2g,Kud - Watch Dogs
aFLiAI1dnV0,Kud - Toy Story
f2QoruG7C8I,Livestream Kud
VnR9joZ0z9U,Kud 2019 hoogtepunten (compilatie)
znYxAnEberI,Kud - Just Cause 4
iGBzhqSgJUk,Kud - Mijnwerkers
HCagkFYNTeQ,Kud - Fallout
lfsucJq5L7k,Kud - Fortnite
HpLDbhAWiG8,Kud - Jurassic Park
5w_lEzZNx_E,Kud - Verrassing!
I0wGiWw_o6I,Kud - Nieuw!
_DIjiWWm9IA,Kud - Assassin's Creed
ye_FqUM9sNI,Kud - Rommelmarkten
WbcsvOlwg5k,Kud - Eet me niet
poJn09Ygm9c,Kud - Gebroken Zwaard
R93Vx8w64gQ,Kud - Zelda
boLkKd3W2sc,Kud -  Drama
tMGYPMJJm3o,Kud - Comazuipen
1v4XZ8HKemo,Kud - Krols
G7q-OQbvo5Y,Kud - Gelekte video
fz-2LHJo8gE,Dit moet ik even kwijt...
nOuHTzhSwU0,Kud - De Juiste Keuze
YYV_xLEXgHg,Kud  - Te laat
fT8MSNmNcLM,Kud - Eten!
